,total in seconds,AlviraTracksTrackPosition_Latitude,AlviraTracksTrackPosition_Longitude,AlviraTracksTrackPosition_Altitude,AlviraTracksTrackVelocity_Azimuth,AlviraTracksTrackVelocity_Elevation,AlviraTracksTrackVelocity_Speed,AlviraTracksTrack_Reflection,AlviraTracksTrack_Score,AlviraTracksTrack_Alarm,AlviraSystemStatusSensorPosition_Latitude,AlviraSystemStatusSensorPosition_Longitude,AlviraSystemStatusSensorPosition_Altitude,AlviraSystemStatusSensorStatusBlankSector_Angle,AlviraSystemStatusSensorStatusBlankSector_Span,DRONE,NO_DRONE,SUSPECTED_DRONE
count,437.0,437.0,437.0,437.0,437.0,437.0,437.0,437.0,437.0,437.0,437.0,437.0,437.0,437.0,437.0,437.0,437.0,437.0
mean,1601387312.299771,31.8317743409611,3.620985457665904,21.973187059496567,103.5413194256293,0.0,7.9087097231121275,13.831387860411898,0.5962428009153319,0.6178489702517163,1.1789762929061784,0.13406469107551489,0.11441647597254005,0.0,0.0,0.2700228832951945,0.34782608695652173,0.38215102974828374
std,164.78804658746537,25.063093548023776,2.8510238383869537,20.47311888180991,110.41770061173352,0.0,7.843022662723523,13.308196714440735,0.4719047786027099,0.48647010249750927,7.7128783869546815,0.8770529691493816,0.7485140879845923,0.0,0.0,0.44448016171034316,0.4768263651780583,0.48647010249750927
min,1601387029.0,0.0,0.0,0.0,0.0,0.0,0.0,0.0,0.0,0.0,0.0,0.0,0.0,0.0,0.0,0.0,0.0,0.0
25%,1601387168.0,0.0,0.0,0.0,0.0,0.0,0.0,0.0,0.0,0.0,0.0,0.0,0.0,0.0,0.0,0.0,0.0,0.0
50%,1601387318.0,51.519213,5.857488,23.000415,62.608173,0.0,11.38429,19.063926,0.9404,1.0,0.0,0.0,0.0,0.0,0.0,0.0,0.0,0.0
75%,1601387455.0,51.520516,5.861155,35.157803,239.845291,0.0,13.496455,22.946506,0.998022,1.0,0.0,0.0,0.0,0.0,0.0,1.0,1.0,1.0
max,1601387594.0,51.522552,5.866916,61.169331,359.816376,0.0,31.129538,46.851264,0.99999,1.0,51.521264,5.858627,5.0,0.0,0.0,1.0,1.0,1.0
