,total in seconds,AlviraTracksTrackPosition_Latitude,AlviraTracksTrackPosition_Longitude,AlviraTracksTrackPosition_Altitude,AlviraTracksTrackVelocity_Azimuth,AlviraTracksTrackVelocity_Elevation,AlviraTracksTrackVelocity_Speed,AlviraTracksTrack_Reflection,AlviraTracksTrack_Score,AlviraTracksTrack_Alarm,AlviraSystemStatusSensorPosition_Latitude,AlviraSystemStatusSensorPosition_Longitude,AlviraSystemStatusSensorPosition_Altitude,AlviraSystemStatusSensorStatusBlankSector_Angle,AlviraSystemStatusSensorStatusBlankSector_Span,DRONE,NO_DRONE,SUSPECTED_DRONE
count,683.0,683.0,683.0,683.0,683.0,683.0,683.0,683.0,683.0,683.0,683.0,683.0,683.0,683.0,683.0,683.0,683.0,683.0
mean,1601388129.206442,19.084265054172768,2.171372428989751,16.558305699853587,57.252914942898975,0.0,2.9160065417276724,7.5038950907759885,0.358660701317716,0.37042459736456806,1.2069402986822841,0.13724455636896046,0.1171303074670571,0.0,0.0,0.1698389458272328,0.2005856515373353,0.6295754026354319
std,240.32647604956563,24.898178242341434,2.832870550133353,25.681101654081555,95.89237456755679,0.0,5.535670328114335,12.574913333294381,0.46899094721414375,0.48327235126146956,7.798424616300297,0.886780670103931,0.7568161192920553,0.0,0.0,0.3757664353108437,0.40073203861594575,0.48327235126146956
min,1601387720.0,0.0,0.0,0.0,0.0,0.0,0.0,-1.770875,0.0,0.0,0.0,0.0,0.0,0.0,0.0,0.0,0.0,0.0
25%,1601387921.5,0.0,0.0,0.0,0.0,0.0,0.0,0.0,0.0,0.0,0.0,0.0,0.0,0.0,0.0,0.0,0.0,0.0
50%,1601388139.0,0.0,0.0,0.0,0.0,0.0,0.0,0.0,0.0,0.0,0.0,0.0,0.0,0.0,0.0,0.0,0.0,1.0
75%,1601388338.0,51.519353,5.8578265,26.321604999999998,64.196663,0.0,2.0628235000000004,19.621285999999998,0.9775075,1.0,0.0,0.0,0.0,0.0,0.0,0.0,0.0,1.0
max,1601388555.0,51.523839,5.874995,113.020582,339.289734,0.0,25.021675,42.281975,0.999951,1.0,51.521264,5.858627,5.0,0.0,0.0,1.0,1.0,1.0
