,total in seconds,AlviraTracksTrackPosition_Latitude,AlviraTracksTrackPosition_Longitude,AlviraTracksTrackPosition_Altitude,AlviraTracksTrackVelocity_Azimuth,AlviraTracksTrackVelocity_Elevation,AlviraTracksTrackVelocity_Speed,AlviraTracksTrack_Reflection,AlviraTracksTrack_Score,AlviraTracksTrack_Alarm,AlviraSystemStatusSensorPosition_Latitude,AlviraSystemStatusSensorPosition_Longitude,AlviraSystemStatusSensorPosition_Altitude,AlviraSystemStatusSensorStatusBlankSector_Angle,AlviraSystemStatusSensorStatusBlankSector_Span,DRONE,NO_DRONE,SUSPECTED_DRONE,3,4
count,1012.0,1012.0,1012.0,1012.0,1012.0,1012.0,1012.0,1012.0,1012.0,1012.0,1012.0,1012.0,1012.0,1012.0,1012.0,1012.0,1012.0,1012.0,1012.0,1012.0
mean,1601455692.451581,31.055362101778652,3.5338155494071146,38.753721116600786,97.19170958596837,0.0,8.027797992094861,14.028986470355733,0.5833360217391305,0.6027667984189723,1.0691175948616602,0.1215697885375494,0.10375494071146245,0.0,0.0,0.308300395256917,0.008893280632411068,0.25889328063241107,0.0266798418972332,0.39723320158102765
std,340.8190759909396,25.223153803873494,2.8701831274332035,72.85302797197579,112.02533296079072,0.0,11.840601196705418,14.766897061005313,0.47597776188895263,0.4895669708588518,7.347969336158856,0.8355405267582541,0.7131003422700719,0.0,0.0,0.4620196885000288,0.09393033844832624,0.43824345955872773,0.1612256599339638,0.48956697085885187
min,1601455123.0,0.0,0.0,0.0,0.0,0.0,0.0,0.0,0.0,0.0,0.0,0.0,0.0,0.0,0.0,0.0,0.0,0.0,0.0,0.0
25%,1601455387.0,0.0,0.0,0.0,0.0,0.0,0.0,0.0,0.0,0.0,0.0,0.0,0.0,0.0,0.0,0.0,0.0,0.0,0.0,0.0
50%,1601455693.5,51.5187095,5.855192000000001,23.107727500000003,50.801685,0.0,3.323963,14.90833,0.945114,1.0,0.0,0.0,0.0,0.0,0.0,0.0,0.0,0.0,0.0,0.0
75%,1601455987.25,51.521575,5.86098325,47.95856,232.377762,0.0,13.344232,22.81732225,0.995259,1.0,0.0,0.0,0.0,0.0,0.0,1.0,0.0,1.0,0.0,1.0
max,1601456258.0,51.539888,5.916425,394.955086,349.869507,0.0,63.648888,66.614677,0.999965,1.0,51.521286,5.858506,5.0,0.0,0.0,1.0,1.0,1.0,1.0,1.0
