,total in seconds,AlviraTracksTrackPosition_Latitude,AlviraTracksTrackPosition_Longitude,AlviraTracksTrackPosition_Altitude,AlviraTracksTrackVelocity_Azimuth,AlviraTracksTrackVelocity_Elevation,AlviraTracksTrackVelocity_Speed,AlviraTracksTrack_Reflection,AlviraTracksTrack_Score,AlviraTracksTrack_Alarm,AlviraSystemStatusSensorPosition_Latitude,AlviraSystemStatusSensorPosition_Longitude,AlviraSystemStatusSensorPosition_Altitude,AlviraSystemStatusSensorStatusBlankSector_Angle,AlviraSystemStatusSensorStatusBlankSector_Span,DRONE,NO_DRONE,SUSPECTED_DRONE
count,413.0,413.0,413.0,413.0,413.0,413.0,413.0,413.0,413.0,413.0,413.0,413.0,413.0,413.0,413.0,413.0,413.0,413.0
mean,1601385766.3728814,17.21487019128329,1.9581947094430994,14.44852834866828,55.67928557869249,0.0,3.0398394285714287,5.727716791767555,0.3255006755447942,0.3341404358353511,1.2474882324455205,0.14185537530266346,0.12106537530266344,0.0,0.0,0.14043583535108958,0.1937046004842615,0.6658595641646489
std,155.5445069159505,24.330832794795146,2.7676382090274863,22.81895267678484,93.06730698735602,0.0,4.746027921316191,8.420751909795163,0.4610648204038667,0.4722611890843281,7.928944875257872,0.9016224937279762,0.769482759124259,0.0,0.0,0.34786003751940514,0.39567943274600675,0.4722611890843282
min,1601385496.0,0.0,0.0,0.0,0.0,0.0,0.0,0.0,0.0,0.0,0.0,0.0,0.0,0.0,0.0,0.0,0.0,0.0
25%,1601385638.0,0.0,0.0,0.0,0.0,0.0,0.0,0.0,0.0,0.0,0.0,0.0,0.0,0.0,0.0,0.0,0.0,0.0
50%,1601385768.0,0.0,0.0,0.0,0.0,0.0,0.0,0.0,0.0,0.0,0.0,0.0,0.0,0.0,0.0,0.0,0.0,1.0
75%,1601385900.0,51.51844,5.856253,26.591105,65.402412,0.0,7.310689,16.644399,0.980296,1.0,0.0,0.0,0.0,0.0,0.0,0.0,0.0,1.0
max,1601386032.0,51.523131,5.869303,78.225437,261.410461,0.0,14.077752,20.583544,0.999995,1.0,51.521264,5.858627,5.0,0.0,0.0,1.0,1.0,1.0
