,total in seconds,AlviraTracksTrackPosition_Latitude,AlviraTracksTrackPosition_Longitude,AlviraTracksTrackPosition_Altitude,AlviraTracksTrackVelocity_Azimuth,AlviraTracksTrackVelocity_Elevation,AlviraTracksTrackVelocity_Speed,AlviraTracksTrack_Reflection,AlviraTracksTrack_Score,AlviraTracksTrack_Alarm,AlviraSystemStatusSensorPosition_Latitude,AlviraSystemStatusSensorPosition_Longitude,AlviraSystemStatusSensorPosition_Altitude,AlviraSystemStatusSensorStatusBlankSector_Angle,AlviraSystemStatusSensorStatusBlankSector_Span,DRONE,NO_DRONE,SUSPECTED_DRONE
count,628.0,628.0,628.0,628.0,628.0,628.0,628.0,628.0,628.0,628.0,628.0,628.0,628.0,628.0,628.0,628.0,628.0,628.0
mean,1601381855.4267516,13.290258921974521,1.5117136194267515,9.588849113057325,53.7936344044586,0.0,2.1929756608280258,5.848225388535032,0.2522550238853503,0.25796178343949044,1.476724127388535,0.16792242993630574,0.14331210191082802,0.0,0.0,0.10668789808917198,0.15127388535031847,0.7420382165605095
std,230.18863920302226,22.558745502625907,2.5659677779080385,18.63671065518929,98.7928507761653,0.0,4.7771953430766185,11.002888341877876,0.4291472304305797,0.4378616137497535,8.60347868422501,0.978325619366115,0.8349444497542811,0.0,0.0,0.3089621223178561,0.3586012630429686,0.4378616137497535
min,1601381457.0,0.0,0.0,0.0,0.0,0.0,0.0,0.0,0.0,0.0,0.0,0.0,0.0,0.0,0.0,0.0,0.0,0.0
25%,1601381655.75,0.0,0.0,0.0,0.0,0.0,0.0,0.0,0.0,0.0,0.0,0.0,0.0,0.0,0.0,0.0,0.0,0.0
50%,1601381856.5,0.0,0.0,0.0,0.0,0.0,0.0,0.0,0.0,0.0,0.0,0.0,0.0,0.0,0.0,0.0,0.0,1.0
75%,1601382053.5,51.518065,5.853966,10.573241,55.967083,0.0,3.8061767499999997,2.1018434999999998,0.7902644999999999,1.0,0.0,0.0,0.0,0.0,0.0,0.0,0.0,1.0
max,1601382253.0,51.523255,5.869573,80.158218,278.492767,0.0,22.209997,40.535952,0.999999,1.0,51.521264,5.858627,5.0,0.0,0.0,1.0,1.0,1.0
