,total in seconds,AlviraTracksTrackPosition_Latitude,AlviraTracksTrackPosition_Longitude,AlviraTracksTrackPosition_Altitude,AlviraTracksTrackVelocity_Azimuth,AlviraTracksTrackVelocity_Elevation,AlviraTracksTrackVelocity_Speed,AlviraTracksTrack_Reflection,AlviraTracksTrack_Score,AlviraTracksTrack_Alarm,AlviraSystemStatusSensorPosition_Latitude,AlviraSystemStatusSensorPosition_Longitude,AlviraSystemStatusSensorPosition_Altitude,AlviraSystemStatusSensorStatusBlankSector_Angle,AlviraSystemStatusSensorStatusBlankSector_Span,DRONE,NO_DRONE,SUSPECTED_DRONE
count,450.0,450.0,450.0,450.0,450.0,450.0,450.0,450.0,450.0,450.0,450.0,450.0,450.0,450.0,450.0,450.0,450.0,450.0
mean,1601381044.8755555,14.998083624444444,1.7060466644444443,10.393062873333333,61.218834353333335,0.0,3.398543975555556,7.0342346311111115,0.2812601955555556,0.2911111111111111,1.3739003733333335,0.15623005333333337,0.13333333333333333,0.0,0.0,0.13333333333333333,0.15777777777777777,0.7088888888888889
std,181.14935593633632,23.43033786082022,2.665224549966848,17.8050398848845,104.48429292272719,0.0,5.971019857293229,11.832852542845156,0.4406385939693387,0.45478021428610144,8.309688809773961,0.9449179512082547,0.8064329331840501,0.0,0.0,0.3403129700652839,0.36493822211967647,0.45478021428610144
min,1601380711.0,0.0,0.0,0.0,0.0,0.0,0.0,0.0,0.0,0.0,0.0,0.0,0.0,0.0,0.0,0.0,0.0,0.0
25%,1601380907.5,0.0,0.0,0.0,0.0,0.0,0.0,0.0,0.0,0.0,0.0,0.0,0.0,0.0,0.0,0.0,0.0,0.0
50%,1601381058.5,0.0,0.0,0.0,0.0,0.0,0.0,0.0,0.0,0.0,0.0,0.0,0.0,0.0,0.0,0.0,0.0,1.0
75%,1601381199.75,51.51805975,5.85508025,20.223308250000002,79.84758,0.0,8.42559975,17.599836500000002,0.94642875,1.0,0.0,0.0,0.0,0.0,0.0,0.0,0.0,1.0
max,1601381325.0,51.523019,5.86639,61.972746,347.774841,0.0,26.458508,46.454894,0.999977,1.0,51.521264,5.858627,5.0,0.0,0.0,1.0,1.0,1.0
