,total in seconds,AlviraTracksTrackPosition_Latitude,AlviraTracksTrackPosition_Longitude,AlviraTracksTrackPosition_Altitude,AlviraTracksTrackVelocity_Azimuth,AlviraTracksTrackVelocity_Elevation,AlviraTracksTrackVelocity_Speed,AlviraTracksTrack_Reflection,AlviraTracksTrack_Score,AlviraTracksTrack_Alarm,AlviraSystemStatusSensorPosition_Latitude,AlviraSystemStatusSensorPosition_Longitude,AlviraSystemStatusSensorPosition_Altitude,AlviraSystemStatusSensorStatusBlankSector_Angle,AlviraSystemStatusSensorStatusBlankSector_Span,DRONE,NO_DRONE,SUSPECTED_DRONE
count,1340.0,1340.0,1340.0,1340.0,1340.0,1340.0,1340.0,1340.0,1340.0,1340.0,1340.0,1340.0,1340.0,1340.0,1340.0,1340.0,1340.0,1340.0
mean,1601457108.977612,41.21631201492538,4.688250520149254,30.58794634477612,132.19109218134327,0.0,7.024283509701493,18.372425270895523,0.7795820470149253,0.8,0.8458718597014926,0.09618442686567165,0.08208955223880597,0.0,0.0,0.4791044776119403,0.3208955223880597,0.2
std,379.1806733843758,20.615850019205347,2.3450027764214574,21.705969689034053,106.73533127819914,0.0,5.843306323524036,10.504550789676625,0.3925812669244915,0.40014933732086466,6.54957398816406,0.7447546729928881,0.6356182557403612,0.0,0.0,0.49974969490758053,0.46699500597280025,0.40014933732086466
min,1601456468.0,0.0,0.0,0.0,0.0,0.0,0.0,0.0,0.0,0.0,0.0,0.0,0.0,0.0,0.0,0.0,0.0,0.0
25%,1601456757.75,51.51718375,5.855193,19.210291,37.83074175,0.0,0.5146817499999999,14.22590325,0.9120057500000001,1.0,0.0,0.0,0.0,0.0,0.0,0.0,0.0,0.0
50%,1601457110.5,51.519548,5.8589465,27.566479,93.90107,0.0,8.3503825,21.8171405,0.9866205,1.0,0.0,0.0,0.0,0.0,0.0,0.0,0.0,0.0
75%,1601457457.5,51.52124425,5.8622735,43.992487999999994,225.66801049999998,0.0,11.89943675,24.94070725,0.998602,1.0,0.0,0.0,0.0,0.0,0.0,1.0,1.0,0.0
max,1601457763.0,51.524379,5.86791,94.988517,359.516266,0.0,29.581877,48.519319,0.999989,1.0,51.521286,5.858506,5.0,0.0,0.0,1.0,1.0,1.0
